species,genus,family,species.relative,genus.relative,growth_type,category
Pseudostellaria_heterophylla,Pseudostellaria,Caryophyllaceae,NA,NA,herbaceous,native
Osmunda_japonica,Osmunda,Osmundaceae,NA,NA,herbaceous,native
Artemisia_princeps,Artemisia,Asteraceae,Artemisia_princeps,Artemisia,herbaceous,Aster_native
Carex_bostrychostigma,Carex,Cyperaceae,NA,NA,herbaceous,native
Rubia_akane,Rubia,Rubiaceae,NA,NA,herbaceous,native
Erigeron_annuus,Erigeron,Asteraceae,Erigeron_annuus,Erigeron,herbaceous,Aster_exotic
Viola_mandshurica,Viola,Violaceae,Viola_mandshurica,Viola,herbaceous,native
Capsella_bursa-pastoris,Capsella,Brassicaceae,CAPSELLA_BURSA-PASTORIS,CAPSELLA,herbaceous,native
Lamium_amplexicaule,Lamium,Lamiaceae,Lamium_amplexicaule,Lamium,herbaceous,native
Humulus_japonicus,Humulus,Cannabaceae,Humulus_scandens,Humulus,herbaceous,native
Potentilla_fragarioides,Potentilla,Rosaceae,Potentilla_fragarioides,Potentilla,herbaceous,native
Ixeridium_dentatum,Ixeridium,Asteraceae,Ixeridium_dentatum,Ixeridium,herbaceous,Aster_native
Chelidonium_majus,Chelidonium,Papaveraceae,Chelidonium_majus,Chelidonium,herbaceous,native
Athyrium_niponicum,Athyrium,Athyriaceae,NA,NA,herbaceous,native
Athyrium_yokoscense,Athyrium,Athyriaceae,NA,NA,herbaceous,native
Artemisia_japonica,Artemisia,Asteraceae,Artemisia_japonica,Artemisia,herbaceous,Aster_native
Oplismenus_undulatifolius,Oplismenus,Poaceae,Oplismenus_undulatifolius,Oplismenus,herbaceous,native
Viola_verecunda,Viola,Violaceae,NA,NA,herbaceous,native
Cardamine_flexuosa,Cardamine,Brassicaceae,Cardamine_flexuosa,Cardamine,herbaceous,native
Viola_seoulensis,Viola,Violaceae,NA,NA,herbaceous,native
Stellaria_aquatica,Stellaria,Caryophyllaceae,Stellaria_aquatica,Stellaria,herbaceous,native
Dryopteris_chinensis,Dryopteris,Dryopteridaceae,NA,NA,herbaceous,native
Polygonum_senticosum,Polygonum,Polygonaceae,NA,NA,herbaceous,native
Polygonatum_odoratum,Polygonatum,Liliaceae,Polygonatum_odoratum,Polygonatum,herbaceous,native
Commelina_communis,Commelina,Commelinaceae,Commelina_communis,Commelina,herbaceous,native
Polygonum_hydropiper,Polygonum,Polygonaceae,Persicaria_hydropiper,Persicaria,herbaceous,native
Metaplexis_japonica,Metaplexis,Apocynaceae,Cynanchum_rostellatum,Cynanchum,herbaceous,native
Equisetum_arvense,Equisetum,Equisetaceae,Equisetum_arvense,Equisetum,herbaceous,native
Erigeron_philadelphicus,Erigeron,Asteraceae,Erigeron_philadelphicus,Erigeron,herbaceous,Aster_exotic
Lactuca_scariola,Lactuca,Asteraceae,Lactuca_serriola,Lactuca,herbaceous,Aster_exotic
Conyza_canadensis,Conyza,Asteraceae,Conyza_canadensis,Conyza,herbaceous,Aster_exotic
Aster_subulatus,Aster,Asteraceae,Aster_subulatus,Aster,herbaceous,Aster_exotic
Carex_humilis,Carex,Cyperaceae,NA,NA,herbaceous,native
Dioscorea_japonica,Dioscorea,Dioscoreaceae,NA,NA,herbaceous,native
Xanthium_strumarium,Xanthium,Asteraceae,Xanthium_strumarium,Xanthium,herbaceous,Aster_exotic
Achyranthes_japonica,Achyranthes,Amaranthaceae,Achyranthes_bidentata,Achyranthes,herbaceous,native
Solanum_lyratum,Solanum,Solanaceae,Solanum_lyratum,Solanum,herbaceous,native
Saussurea_lyrata,Saussurea,Asteraceae,NA,NA,herbaceous,Aster_native
Leonurus_japonicus,Leonurus,Lamiaceae,Leonurus_japonicus,Leonurus,herbaceous,native
Lespedeza_cuneata,Lespedeza,Fabaceae,Lespedeza_cuneata,Lespedeza,herbaceous,native
Artemisia_keiskeana,Artemisia,Asteraceae,NA,NA,herbaceous,Aster_native
Arabis_glabra,Arabis,Brassicaceae,Turritis_glabra,Turritis,herbaceous,native
Athyrium_vidalii,Athyrium,Athyriaceae,NA,NA,herbaceous,native
Dioscorea_opposita,Dioscorea,Dioscoreaceae,Dioscorea_oppositifolia,Dioscorea,herbaceous,native
Setaria_viridis,Setaria,Poaceae,Setaria_viridis,Setaria,herbaceous,native
Crepidiastrum_denticulatum,Crepidiastrum,Asteraceae,Crepidiastrum_denticulatum,Crepidiastrum,herbaceous,Aster_native
Amphicarpaea_bracteata,Amphicarpaea,Fabaceae,Amphicarpaea_bracteata,Amphicarpaea,herbaceous,native
Lactuca_indica,Lactuca,Asteraceae,Lactuca_indica,Lactuca,herbaceous,Aster_native
Taraxacum_platycarpum,Taraxacum,Asteraceae,NA,NA,herbaceous,Aster_native
Calystegia_sepium,Calystegia,Convolvulaceae,NA,NA,herbaceous,native
Ambrosia_trifida,Ambrosia,Asteraceae,Ambrosia_trifida,Ambrosia,herbaceous,Aster_exotic
Bidens_frondosa,Bidens,Asteraceae,Bidens_frondosa,Bidens,herbaceous,Aster_exotic
Eupatorium_lindleyanum,Eupatorium,Asteraceae,NA,NA,herbaceous,Aster_native
Polygonum_thunbergii,Polygonum,Polygonaceae,Polygonum_thunbergii,Polygonum,herbaceous,native
Kyllinga_brevifolia,Kyllinga,Cyperaceae,NA,NA,herbaceous,native
Paspalum_thunbergii,Paspalum,Poaceae,NA,NA,herbaceous,native
Thelypteris_palustris,Thelypteris,Thelypteridaceae,Thelypteris_palustris,Thelypteris,herbaceous,native
Asparagus_schoberioides,Asparagus,Liliaceae,NA,NA,herbaceous,native
Polygonum_aviculare,Polygonum,Polygonaceae,Polygonum_aviculare,Polygonum,herbaceous,native
Justicia_procumbens,Justicia,Acanthaceae,NA,NA,herbaceous,native
Plantago_asiatica,Plantago,Plantaginaceae,Plantago_asiatica,Plantago,herbaceous,native
Echinochloa_crus-galli,Echinochloa,Poaceae,NA,NA,herbaceous,native
Erechtites_hieraciifolius,Erechtites,Asteraceae,Erechtites_hieraciifolius,Erechtites,herbaceous,Aster_exotic
Duchesnea_chrysantha,Duchesnea,Rosaceae,NA,NA,herbaceous,native
Echinochloa_crus-galli,Echinochloa,Poaceae,Echinochloa_crus-galli,Echinochloa,herbaceous,native
Hydrocotyle_sibthorpioides,Hydrocotyle,Apiaceae,Hydrocotyle_sibthorpioides,Hydrocotyle,herbaceous,native
Clinopodium_chinense,Clinopodium,Lamiaceae,NA,NA,herbaceous,native
Eragrostis_ferruginea,Eragrostis,Poaceae,Eragrostis_ferruginea,Eragrostis,herbaceous,native
Cyperus_microiria,Cyperus,Cyperaceae,Cyperus_microiria,Cyperus,herbaceous,native
Eleusine_indica,Eleusine,Poaceae,Eleusine_indica,Eleusine,herbaceous,native
Sigesbeckia_pubescens,Sigesbeckia,Asteraceae,NA,NA,herbaceous,Aster_native
Setaria_glauca,Setaria,Poaceae,NA,NA,herbaceous,native
Glycine_soja,Glycine,Fabaceae,Glycine_max,Glycine,herbaceous,native
Polygonum_lapathifolium,Polygonum,Polygonaceae,NA,NA,herbaceous,native
Smilax_nipponica,Smilax,Liliaceae,Smilax_nipponica,Smilax,herbaceous,native
Eupatorium_japonicum,Eupatorium,Asteraceae,NA,NA,herbaceous,Aster_native
Sedum_sarmentosum,Sedum,Crassulaceae,NA,NA,herbaceous,native
Deparia_pterorachis,Deparia,Athyriaceae,NA,NA,herbaceous,native
Agrimonia_pilosa,Agrimonia,Rosaceae,Agrimonia_pilosa,Agrimonia,herbaceous,native
Chrysanthemum_lavandulifolium,Chrysanthemum,Asteraceae,Chrysanthemum_indicum,Chrysanthemum,herbaceous,Aster_native
Bidens_tripartita,Bidens,Asteraceae,Bidens_tripartita,Bidens,herbaceous,Aster_native
Dictamnus_dasycarpus,Dictamnus,Rutaceae,Dictamnus_albus,Dictamnus,herbaceous,native
Galium_verum,Galium,Rubiaceae,Galium_verum,Galium,herbaceous,native
Atractylodes_ovata,Atractylodes,Asteraceae,NA,NA,herbaceous,Aster_native
Spodiopogon_sibiricus,Spodiopogon,Poaceae,Spodiopogon_sibiricus,Spodiopogon,herbaceous,native
Sanguisorba_officinalis,Sanguisorba,Rosaceae,Sanguisorba_officinalis,Sanguisorba,herbaceous,native
Rubia_cordifolia,Rubia,Rubiaceae,Rubia_cordifolia,Rubia,herbaceous,native
Isodon_japonicus,Isodon,Lamiaceae,NA,NA,herbaceous,native
Solidago_virgaurea,Solidago,Asteraceae,Solidago_virgaurea,Solidago,herbaceous,Aster_native
Lespedeza_pilosa,Lespedeza,Fabaceae,NA,NA,herbaceous,native
Carex_siderosticta,Carex,Cyperaceae,Carex_siderosticta,Carex,herbaceous,native
Smilax_riparia,Smilax,Liliaceae,Smilax_riparia,Smilax,herbaceous,native
Erigeron_strigosus,Erigeron,Asteraceae,Erigeron_strigosus,Erigeron,herbaceous,Aster_exotic
Adenophora_triphylla,Adenophora,Campanulaceae,Adenophora_triphylla,Adenophora,herbaceous,native
Pyrola_japonica,Pyrola,Pyrolaceae,Pyrola_japonica,Pyrola,herbaceous,native
Chimaphila_japonica,Chimaphila,Pyrolaceae,NA,NA,herbaceous,native
Carex_lanceolata,Carex,Cyperaceae,Carex_lanceolata,Carex,herbaceous,native
Isodon_excisus,Isodon,Lamiaceae,Isodon_excisus,Isodon,herbaceous,native
Sophora_flavescens,Sophora,Fabaceae,Sophora_flavescens,Sophora,herbaceous,native
Cephalanthera_longibracteata,Cephalanthera,Orchidaceae,NA,NA,herbaceous,native
Sedum_kamtschaticum,Sedum,Crassulaceae,Phedimus_kamtschaticus,Phedimus,herbaceous,native
Miscanthus_sinensis,Miscanthus,Poaceae,Miscanthus_sinensis,Miscanthus,herbaceous,native
Saussurea_grandifolia,Saussurea,Asteraceae,NA,NA,herbaceous,Aster_native
Dendranthema_zawadskii,Dendranthema,Asteraceae,NA,NA,herbaceous,Aster_native
Lysimachia_barystachys,Lysimachia,Primulaceae,NA,NA,herbaceous,native
Hypericum_ascyron,Hypericum,Clusiaceae,NA,NA,herbaceous,native
Adenophora_grandiflora,Adenophora,Campanulaceae,NA,NA,herbaceous,native
Cirsium_japonicum,Cirsium,Asteraceae,NA,NA,herbaceous,Aster_native
Pteridium_aquilinum,Pteridium,Dennstaedtiaceae,Pteridium_aquilinum,Pteridium,herbaceous,native
Clintonia_udensis,Clintonia,Liliaceae,NA,NA,herbaceous,native
Ranunculus_japonicus,Ranunculus,Ranunculaceae,NA,NA,herbaceous,native
Calamagrostis_arundinacea,Calamagrostis,Poaceae,Calamagrostis_arundinacea,Calamagrostis,herbaceous,native
Platycodon_grandiflorus,Platycodon,Campanulaceae,Platycodon_grandiflorus,Platycodon,herbaceous,native
Arundinella_hirta,Arundinella,Poaceae,NA,NA,herbaceous,native
Geranium_sibiricum,Geranium,Geraniaceae,Geranium_sibiricum,Geranium,herbaceous,native
Patrinia_villosa,Patrinia,Valerianaceae,NA,NA,herbaceous,native
Aster_scaber,Aster,Asteraceae,Aster_scaber,Aster,herbaceous,Aster_native
Silene_firma,Silene,Caryophyllaceae,Silene_firma,Silene,herbaceous,native
Viola_orientalis,Viola,Violaceae,NA,NA,herbaceous,native
Melica_onoei,Melica,Poaceae,NA,NA,herbaceous,native
Saussurea_gracilis,Saussurea,Asteraceae,NA,NA,herbaceous,Aster_native
Phryma_leptostachya,Phryma,Phrymaceae,Phryma_leptostachya,Phryma,herbaceous,native
Vigna_angularis,Vigna,Fabaceae,Vigna_angularis,Vigna,herbaceous,native
Disporum_smilacinum,Disporum,Liliaceae,NA,NA,herbaceous,native
Spodiopogon_cotulifer,Spodiopogon,Poaceae,NA,NA,herbaceous,native
Peucedanum_terebinthaceum,Peucedanum,Apiaceae,Kitagawia_terebinthacea,Kitagawia,herbaceous,native
Vicia_amoena,Vicia,Fabaceae,NA,NA,herbaceous,native
Asarum_sieboldii,Asarum,Aristolochiaceae,NA,NA,herbaceous,native
Isodon_inflexus,Isodon,Lamiaceae,Isodon_inflexus,Isodon,herbaceous,native
Pseudostellaria_monantha,Pseudostellaria,Caryophyllaceae,NA,NA,herbaceous,native
Lysimachia_clethroides,Lysimachia,Primulaceae,Lysimachia_clethroides,Lysimachia,herbaceous,native
Viola_selkirkii,Viola,Violaceae,Viola_selkirkii,Viola,herbaceous,native
Thalictrum_filamentosum,Thalictrum,Ranunculaceae,NA,NA,herbaceous,native
Cymbidium_goeringii,Cymbidium,Orchidaceae,NA,NA,herbaceous,native
Dioscorea_quinqueloba,Dioscorea,Dioscoreaceae,NA,NA,herbaceous,native
Ainsliaea_acerifolia,Ainsliaea,Asteraceae,NA,NA,herbaceous,Aster_native
Artemisia_stolonifera,Artemisia,Asteraceae,NA,NA,herbaceous,Aster_native
Lactuca_raddeana,Lactuca,Asteraceae,NA,NA,herbaceous,Aster_native
Syneilesis_palmata,Syneilesis,Asteraceae,NA,NA,herbaceous,Aster_native
Galium_trifloriforme,Galium,Rubiaceae,NA,NA,herbaceous,native
Pseudostellaria_palibiniana,Pseudostellaria,Caryophyllaceae,NA,NA,herbaceous,native
Convallaria_keiskei,Convallaria,Liliaceae,NA,NA,herbaceous,native
Cyrtomium_fortunei,Cyrtomium,Dryopteridaceae,NA,NA,herbaceous,native
Ligularia_fischeri,Ligularia,Asteraceae,Ligularia_fischeri,Ligularia,herbaceous,Aster_native
Cayratia_japonica,Cayratia,Vitaceae,Cayratia_japonica,Cayratia,herbaceous,native
Fallopia_japonica,Fallopia,Polygonaceae,NA,NA,herbaceous,native
Viola_acuminata,Viola,Violaceae,Viola_acuminata,Viola,herbaceous,native
Vicia_unijuga,Vicia,Fabaceae,Vicia_unijuga,Vicia,herbaceous,native
Polystichum_tripteron,Polystichum,Dryopteridaceae,NA,NA,herbaceous,native
Impatiens_textori,Impatiens,Balsaminaceae,Impatiens_textori,Impatiens,herbaceous,native
Polygonum_filiforme,Polygonum,Polygonaceae,Persicaria_filiformis,Persicaria,herbaceous,native
Viola_collina,Viola,Violaceae,Viola_collina,Viola,herbaceous,native
Boehmeria_platanifolia,Boehmeria,Urticaceae,NA,NA,herbaceous,native
Lilium_tsingtauense,Lilium,Liliaceae,NA,NA,herbaceous,native
Desmodium_oldhamii,Desmodium,Fabaceae,NA,NA,herbaceous,native
Boehmeria_tricuspis,Boehmeria,Urticaceae,NA,NA,herbaceous,native
NA,NA,Cyperaceae,NA,NA,herbaceous,native
Polygonum_sagittatum,Polygonum,Polygonaceae,Persicaria_sagittata,Persicaria,herbaceous,native
Hypericum_erectum,Hypericum,Clusiaceae,Hypericum_erectum,Hypericum,herbaceous,native
Geum_aleppicum,Geum,Rosaceae,Geum_aleppicum,Geum,herbaceous,native
Angelica_decursiva,Angelica,Apiaceae,NA,NA,herbaceous,native
Heracleum_moellendorffii,Heracleum,Apiaceae,NA,NA,herbaceous,native
Veratrum_nigrum,Veratrum,Liliaceae,NA,NA,herbaceous,native
Viola_albida,Viola,Violaceae,NA,NA,herbaceous,native
Viola_rossii,Viola,Violaceae,NA,NA,herbaceous,native
Hemerocallis_dumortieri,Hemerocallis,Liliaceae,NA,NA,herbaceous,native
Sasa_borealis,Sasa,Poaceae,NA,NA,herbaceous,native
Heloniopsis_koreana,Heloniopsis,Liliaceae,NA,NA,herbaceous,native
Meehania_urticifolia,Meehania,Lamiaceae,NA,NA,herbaceous,native
Synurus_deltoides,Synurus,Asteraceae,Synurus_deltoides,Synurus,herbaceous,Aster_native
Polygonum_nepalense,Polygonum,Polygonaceae,NA,NA,herbaceous,native
Nepeta_cataria,Nepeta,Lamiaceae,Nepeta_cataria,Nepeta,herbaceous,native
Viola_patrinii,Viola,Violaceae,NA,NA,herbaceous,native
Dryopteris_varia,Dryopteris,Dryopteridaceae,NA,NA,herbaceous,native
Deparia_pycnosora,Deparia,Athyriaceae,NA,NA,herbaceous,native
Veratrum_patulum,Veratrum,Liliaceae,NA,NA,herbaceous,native
Phyllostachys_nigra,Phyllostachys,Poaceae,NA,NA,herbaceous,native
Corydalis_speciosa,Corydalis,Fumariaceae,NA,NA,herbaceous,native
Carpesium_abrotanoides,Carpesium,Asteraceae,Carpesium_abrotanoides,Carpesium,herbaceous,Aster_native
Cardamine_impatiens,Cardamine,Brassicaceae,Cardamine_impatiens,Cardamine,herbaceous,native
Microstegium_vimineum,Microstegium,Poaceae,NA,NA,herbaceous,native
Eupatorium_tripartitum,Eupatorium,Asteraceae,NA,NA,herbaceous,Aster_native
Codonopsis_lanceolata,Codonopsis,Campanulaceae,NA,NA,herbaceous,native
Disporum_viridescens,Disporum,Liliaceae,NA,NA,herbaceous,native
Cymbopogon_tortilis,Cymbopogon,Poaceae,NA,NA,herbaceous,native
Imperata_cylindrica,Imperata,Poaceae,Imperata_cylindrica,Imperata,herbaceous,native
Youngia_japonica,Youngia,Asteraceae,Youngia_japonica,Youngia,herbaceous,Aster_native
Dryopteris_sacrosancta,Dryopteris,Dryopteridaceae,NA,NA,herbaceous,native
Liriope_spicata,Liriope,Liliaceae,Liriope_spicata,Liriope,herbaceous,native
Hosta_capitata,Hosta,Liliaceae,NA,NA,herbaceous,native
Trigonotis_peduncularis,Trigonotis,Boraginaceae,NA,NA,herbaceous,native
Agropyron_tsukushiense,Agropyron,Poaceae,Elymus_tsukushiensis,Elymus,herbaceous,native
Torilis_japonica,Torilis,Apiaceae,Torilis_japonica,Torilis,herbaceous,native
Davallia_mariesii,Davallia,Davalliaceae,NA,NA,herbaceous,native
Sedum_bulbiferum,Sedum,Crassulaceae,NA,NA,herbaceous,native
Silene_aprica,Silene,Caryophyllaceae,NA,NA,herbaceous,native
Cleistogenes_hackelii,Cleistogenes,Poaceae,NA,NA,herbaceous,native
Cynanchum_wilfordii,Cynanchum,Apocynaceae,NA,NA,herbaceous,native
Thalictrum_minus,Thalictrum,Ranunculaceae,Thalictrum_minus,Thalictrum,herbaceous,native
Leibnitzia_anandria,Leibnitzia,Asteraceae,NA,NA,herbaceous,Aster_native
Iris_rossii,Iris,Iridaceae,NA,NA,herbaceous,native
Potentilla_freyniana,Potentilla,Rosaceae,Potentilla_freyniana,Potentilla,herbaceous,native
Cynanchum_paniculatum,Cynanchum,Apocynaceae,NA,NA,herbaceous,native
Asplenium_incisum,Asplenium,Aspleniaceae,NA,NA,herbaceous,native
Viola_keiskei,Viola,Violaceae,NA,NA,herbaceous,native
Dioscorea_nipponica,Dioscorea,Dioscoreaceae,Dioscorea_nipponica,Dioscorea,herbaceous,native
Aster_ageratoides,Aster,Asteraceae,NA,NA,herbaceous,Aster_native
Veratrum_versicolor,Veratrum,Liliaceae,NA,NA,herbaceous,native
Pimpinella_brachycarpa,Pimpinella,Apiaceae,Pimpinella_brachycarpa,Pimpinella,herbaceous,native
Vicia_chosenensis,Vicia,Fabaceae,NA,NA,herbaceous,native
Lespedeza_davurica,Lespedeza,Fabaceae,Lespedeza_davurica,Lespedeza,herbaceous,native
Fallopia_dumetorum,Fallopia,Polygonaceae,Fallopia_dumetorum,Fallopia,herbaceous,native
Berteroella_maximowiczii,Berteroella,Brassicaceae,NA,NA,herbaceous,native
Agropyron_ciliare,Agropyron,Poaceae,NA,NA,herbaceous,native
Galium_pogonanthum,Galium,Rubiaceae,Galium_bungei,Galium,herbaceous,native
Galium_dahuricum,Galium,Rubiaceae,NA,NA,herbaceous,native
Hemerocallis_minor,Hemerocallis,Liliaceae,NA,NA,herbaceous,native
Anaphalis_sinica,Anaphalis,Asteraceae,NA,NA,herbaceous,Aster_native
Potentilla_yokusaiana,Potentilla,Rosaceae,NA,NA,herbaceous,native
Dioscorea_septemloba,Dioscorea,Dioscoreaceae,NA,NA,herbaceous,native
Viola_yedoensis,Viola,Violaceae,NA,NA,herbaceous,native
Campanula_punctata,Campanula,Campanulaceae,NA,NA,herbaceous,native
Allium_sacculiferum,Allium,Liliaceae,NA,NA,herbaceous,native
Pseudolysimachion_pyrethrinum,Pseudolysimachion,Scrophulariaceae,NA,NA,herbaceous,native
Carpesium_cernuum,Carpesium,Asteraceae,Carpesium_cernuum,Carpesium,herbaceous,Aster_native
Viola_variegata,Viola,Violaceae,Viola_variegata,Viola,herbaceous,native
Lilium_amabile,Lilium,Liliaceae,NA,NA,herbaceous,native
Ambrosia_artemisiifolia,Ambrosia,Asteraceae,Ambrosia_artemisiifolia,Ambrosia,herbaceous,Aster_exotic
Carex_breviculmis,Carex,Cyperaceae,Carex_breviculmis,Carex,herbaceous,native
Themeda_triandra,Themeda,Poaceae,Themeda_triandra,Themeda,herbaceous,native
Hemerocallis_hakuunensis,Hemerocallis,Liliaceae,NA,NA,herbaceous,native
Swertia_scabra,Swertia,Gentianaceae,NA,NA,herbaceous,native
Pulsatilla_cernua,Pulsatilla,Ranunculaceae,NA,NA,herbaceous,native
Swertia_pseudochensis,Swertia,Gentianaceae,Swertia_pseudochinensis,Swertia,herbaceous,native
Zoysia_japonica,Zoysia,Poaceae,NA,NA,herbaceous,native
Festuca_parvigluma,Festuca,Poaceae,Festuca_parvigluma,Festuca,herbaceous,native
Conyza_sumatrensis,Conyza,Asteraceae,Erigeron_sumatrensis,Erigeron,herbaceous,Aster_exotic
Arenaria_serpyllifolia,Arenaria,Caryophyllaceae,Arenaria_serpyllifolia,Arenaria,herbaceous,native
Cardamine_fallax,Cardamine,Brassicaceae,Cardamine_parviflora,Cardamine,herbaceous,native
Prunella_asiatica,Prunella,Lamiaceae,Prunella_vulgaris,Prunella,herbaceous,native
Agrimonia_coreana,Agrimonia,Rosaceae,NA,NA,herbaceous,native
Lilium_callosum,Lilium,Liliaceae,NA,NA,herbaceous,native
Scilla_scilloides,Scilla,Hyacinthaceae,Barnardia_japonica,Barnardia,herbaceous,native
Cephalanthera_erecta,Cephalanthera,Orchidaceae,NA,NA,herbaceous,native
Mosla_punctulata,Mosla,Lamiaceae,NA,NA,herbaceous,native
Bidens_bipinnata,Bidens,Asteraceae,Bidens_bipinnata,Bidens,herbaceous,Aster_native
Boehmeria_longispica,Boehmeria,Urticaceae,NA,NA,herbaceous,native
Elsholtzia_ciliata,Elsholtzia,Lamiaceae,Elsholtzia_ciliata,Elsholtzia,herbaceous,native
Melica_scabrosa,Melica,Poaceae,NA,NA,herbaceous,native
Rhaponticum_uniflorum,Rhaponticum,Asteraceae,NA,NA,herbaceous,Aster_native
Corchoropsis_psilocarpa,Corchoropsis,Tiliaceae,NA,NA,herbaceous,native
Pinellia_ternata,Pinellia,Araceae,NA,NA,herbaceous,native
Polygala_japonica,Polygala,Polygalaceae,NA,NA,herbaceous,native
Asparagus_oligoclonos,Asparagus,Liliaceae,NA,NA,herbaceous,native
Festuca_ovina,Festuca,Poaceae,Festuca_ovina,Festuca,herbaceous,native
Scorzonera_austriaca,Scorzonera,Asteraceae,NA,NA,herbaceous,Aster_native
Artemisia_capillaris,Artemisia,Asteraceae,Artemisia_capillaris,Artemisia,herbaceous,Aster_native
Bromus_japonicus,Bromus,Poaceae,Bromus_japonicus,Bromus,herbaceous,native
Potentilla_chinensis,Potentilla,Rosaceae,Potentilla_chinensis,Potentilla,herbaceous,native
Stipa_pekinensis,Stipa,Poaceae,NA,NA,herbaceous,native
Botrychium_ternatum,Botrychium,Ophioglossaceae,NA,NA,herbaceous,native
Polygonum_posumbu,Polygonum,Polygonaceae,Polygonum_posumbu,Polygonum,herbaceous,native
Lespedeza_tomentosa,Lespedeza,Fabaceae,Lespedeza_tomentosa,Lespedeza,herbaceous,native
Polygonum_japonicum,Polygonum,Polygonaceae,NA,NA,herbaceous,native
Dryopteris_bissetiana,Dryopteris,Dryopteridaceae,NA,NA,herbaceous,native
Asperula_maximowiczii,Asperula,Rubiaceae,NA,NA,herbaceous,native
Liriope_platyphylla,Liriope,Liliaceae,Liriope_muscari,Liriope,herbaceous,native
Polygonatum_involucratum,Polygonatum,Liliaceae,NA,NA,herbaceous,native
Artemisia_montana,Artemisia,Asteraceae,NA,NA,herbaceous,Aster_native
Serratula_coronata,Serratula,Asteraceae,NA,NA,herbaceous,Aster_native
Dioscorea_tokoro,Dioscorea,Dioscoreaceae,NA,NA,herbaceous,native
Arisaema_heterophyllum,Arisaema,Araceae,NA,NA,herbaceous,native
Thelypteris_japonica,Thelypteris,Thelypteridaceae,NA,NA,herbaceous,native
Chloranthus_japonicus,Chloranthus,Chloranthaceae,Chloranthus_japonicus,Chloranthus,herbaceous,native
Vicia_venosa,Vicia,Fabaceae,NA,NA,herbaceous,native
Arisaema_amurense,Arisaema,Araceae,NA,NA,herbaceous,native
Carex_okamotoi,Carex,Cyperaceae,NA,NA,herbaceous,native
Agastache_rugosa,Agastache,Lamiaceae,Agastache_rugosa,Agastache,herbaceous,native
Lilium_leichtlinii,Lilium,Liliaceae,NA,NA,herbaceous,native
Muhlenbergia_japonica,Muhlenbergia,Poaceae,NA,NA,herbaceous,native
Artemisia_feddei,Artemisia,Asteraceae,NA,NA,herbaceous,Aster_native
Carex_forficula,Carex,Cyperaceae,NA,NA,herbaceous,native
Aristolochia_contorta,Aristolochia,Aristolochiaceae,NA,NA,herbaceous,native
Deparia_conilii,Deparia,Athyriaceae,NA,NA,herbaceous,native
Sasa_japonica,Sasa,Poaceae,Pseudosasa_japonica,Pseudosasa,herbaceous,native
Chamaecrista_nomame,Chamaecrista,Fabaceae,NA,NA,herbaceous,native
Melampyrum_roseum,Melampyrum,Scrophulariaceae,Melampyrum_roseum,Melampyrum,herbaceous,native
Polygonum_longisetum,Polygonum,Polygonaceae,Persicaria_longiseta,Persicaria,herbaceous,native
Angelica_gigas,Angelica,Apiaceae,Angelica_gigas,Angelica,herbaceous,native
Dryopteris_erythrosora,Dryopteris,Dryopteridaceae,NA,NA,herbaceous,native
Phragmites_communis,Phragmites,Poaceae,Phragmites_australis,Phragmites,herbaceous,native
Thalictrum_aquilegiifolium,Thalictrum,Ranunculaceae,Thalictrum_aquilegiifolium,Thalictrum,herbaceous,native
Isachne_globosa,Isachne,Poaceae,Isachne_globosa,Isachne,herbaceous,native
Moliniopsis_japonica,Moliniopsis,Poaceae,NA,NA,herbaceous,native
Parnassia_palustris,Parnassia,Saxifragaceae,Parnassia_palustris,Parnassia,herbaceous,native
Lobelia_sessilifolia,Lobelia,Campanulaceae,NA,NA,herbaceous,native
Scutellaria_indica,Scutellaria,Lamiaceae,Scutellaria_indica,Scutellaria,herbaceous,native
Euphorbia_esula,Euphorbia,Euphorbiaceae,NA,NA,herbaceous,native
Artemisia_sylvatica,Artemisia,Asteraceae,NA,NA,herbaceous,Aster_native
Ophiopogon_japonicus,Ophiopogon,Liliaceae,Ophiopogon_japonicus,Ophiopogon,herbaceous,native
Patrinia_scabiosifolia,Patrinia,Valerianaceae,Patrinia_scabiosifolia,Patrinia,herbaceous,native
Liparis_kumokiri,Liparis,Orchidaceae,NA,NA,herbaceous,native
Pentarhizidium_orientale,Pentarhizidium,Onocleaceae,NA,NA,herbaceous,native
Eupatorium_rugosum,Eupatorium,Asteraceae,Eupatorium_altissimum,Eupatorium,herbaceous,Aster_exotic
Polygonum_praetermissum,Polygonum,Polygonaceae,NA,NA,herbaceous,native
Dryopteris_crassirhizoma,Dryopteris,Dryopteridaceae,NA,NA,herbaceous,native
Dryopteris_parasitica,Dryopteris,Dryopteridaceae,NA,NA,herbaceous,native
Paris_verticillata,Paris,Liliaceae,NA,NA,herbaceous,native
Carex_gifuensis,Carex,Cyperaceae,NA,NA,herbaceous,native
Phegopteris_connectilis,Phegopteris,Thelypteridaceae,NA,NA,herbaceous,native
Erythronium_japonicum,Erythronium,Liliaceae,NA,NA,herbaceous,native
Dryopteris_lacera,Dryopteris,Dryopteridaceae,NA,NA,herbaceous,native
Lygodium_japonicum,Lygodium,Lygodiaceae,NA,NA,herbaceous,native
Astragalus_membranaceus,Astragalus,Fabaceae,NA,NA,herbaceous,native
Carex_japonica,Carex,Cyperaceae,NA,NA,herbaceous,native
Sanicula_chinensis,Sanicula,Apiaceae,Sanicula_chinensis,Sanicula,herbaceous,native
Iris_sanguinea,Iris,Iridaceae,Iris_sanguinea,Iris,herbaceous,native
Smilacina_japonica,Smilacina,Convallariaceae,NA,NA,herbaceous,native
Aralia_cordata,Aralia,Araliaceae,NA,NA,herbaceous,native
Allium_thunbergii,Allium,Liliaceae,NA,NA,herbaceous,native
Elsholtzia_splendens,Elsholtzia,Lamiaceae,Elsholtzia_splendens,Elsholtzia,herbaceous,native
Corydalis_ochotensis,Corydalis,Fumariaceae,NA,NA,herbaceous,native
Polygonum_perfoliatum,Polygonum,Polygonaceae,Polygonum_perfoliatum,Polygonum,herbaceous,native
Arthraxon_hispidus,Arthraxon,Poaceae,NA,NA,herbaceous,native
Desmodium_podocarpum,Desmodium,Fabaceae,Hylodesmum_podocarpum,Hylodesmum,herbaceous,native
Mosla_dianthera,Mosla,Lamiaceae,Mosla_dianthera,Mosla,herbaceous,native
Dioscorea_tenuipes,Dioscorea,Dioscoreaceae,NA,NA,herbaceous,native
Chrysosplenium_grayanum,Chrysosplenium,Saxifragaceae,NA,NA,herbaceous,native
Breea_segetum,Breea,Asteraceae,Cirsium_arvense,Cirsium,herbaceous,Aster_native
Carpesium_macrocephalum,Carpesium,Asteraceae,NA,NA,herbaceous,Aster_native
Swertia_squarrosa,Swertia,Gentianaceae,NA,NA,herbaceous,native
Phragmites_japonicus,Phragmites,Poaceae,Phragmites_japonicus,Phragmites,herbaceous,native
Corydalis_remota,Corydalis,Fumariaceae,NA,NA,herbaceous,native
Pseudognaphalium_affine,Pseudognaphalium,Asteraceae,NA,NA,herbaceous,Aster_native
Sanguisorba_hakusanensis,Sanguisorba,Rosaceae,Sanguisorba_hakusanensis,Sanguisorba,herbaceous,native
Hepatica_asiatica,Hepatica,Ranunculaceae,Anemone_hepatica,Anemone,herbaceous,native
Rubia_chinensis,Rubia,Rubiaceae,NA,NA,herbaceous,native
Crepidiastrum_sonchifolium,Crepidiastrum,Asteraceae,NA,NA,herbaceous,Aster_native
Mitchella_undulata,Mitchella,Rubiaceae,NA,NA,herbaceous,native
Carex_sabynensis,Carex,Cyperaceae,NA,NA,herbaceous,native
Saussurea_seoulensis,Saussurea,Asteraceae,NA,NA,herbaceous,Aster_native
Polygonum_pubescens,Polygonum,Polygonaceae,NA,NA,herbaceous,native
Chrysanthemum_indicum,Chrysanthemum,Asteraceae,Chrysanthemum_indicum,Chrysanthemum,herbaceous,Aster_native
Dicentra_spectabilis,Dicentra,Papaveraceae,NA,NA,herbaceous,native
Caulophyllum_robustum,Caulophyllum,Berberidaceae,NA,NA,herbaceous,native
Lilium_lancifolium,Lilium,Liliaceae,NA,NA,herbaceous,native
Athyrium_sinense,Athyrium,Athyriaceae,NA,NA,herbaceous,native
Salvia_chanroenica,Salvia,Lamiaceae,NA,NA,herbaceous,native
Actaea_asiatica,Actaea,Ranunculaceae,NA,NA,herbaceous,native
Swertia_triflora,Swertia,Gentianaceae,NA,NA,herbaceous,native
Galium_trachyspermum,Galium,Rubiaceae,Galium_bungei,Galium,herbaceous,native
Cimicifuga_dahurica,Cimicifuga,Ranunculaceae,NA,NA,herbaceous,native
Thalictrum_rochebruneanum,Thalictrum,Ranunculaceae,NA,NA,herbaceous,native
Dennstaedtia_wilfordii,Dennstaedtia,Dennstaedtiaceae,NA,NA,herbaceous,native
Chloranthus_fortunei,Chloranthus,Chloranthaceae,NA,NA,herbaceous,native
Arisaema_peninsulae,Arisaema,Araceae,Arisaema_serratum,Arisaema,herbaceous,native
Aconitum_jaluense,Aconitum,Ranunculaceae,NA,NA,herbaceous,native
Thalictrum_actaeifolium,Thalictrum,Ranunculaceae,NA,NA,herbaceous,native
Polygonatum_inflatum,Polygonatum,Liliaceae,NA,NA,herbaceous,native
Asperula_odorata,Asperula,Rubiaceae,NA,NA,herbaceous,native
Onoclea_sensibilis,Onoclea,Onocleaceae,NA,NA,herbaceous,native
Fallopia_dentatoalata,Fallopia,Polygonaceae,NA,NA,herbaceous,native
Lithospermum_erythrorhizon,Lithospermum,Boraginaceae,NA,NA,herbaceous,native
Jeffersonia_dubia,Jeffersonia,Berberidaceae,NA,NA,herbaceous,native
Cymopterus_melanotilingia,Cymopterus,Apiaceae,NA,NA,herbaceous,native
Melica_nutans,Melica,Poaceae,NA,NA,herbaceous,native
Coreanomecon_hylomeconoides,Coreanomecon,Papaveraceae,NA,NA,herbaceous,native
Cynanchum_ascyrifolium,Cynanchum,Apocynaceae,NA,NA,herbaceous,native
Viola_phalacrocarpa,Viola,Violaceae,NA,NA,herbaceous,native
Cimicifuga_heracleifolia,Cimicifuga,Ranunculaceae,NA,NA,herbaceous,native
Euchiton_japonicus,Euchiton,Asteraceae,Euchiton_japonicus,Euchiton,herbaceous,Aster_native
Hieracium_umbellatum,Hieracium,Asteraceae,Hieracium_umbellatum,Hieracium,herbaceous,Aster_native
Melampyrum_roseum,Melampyrum,Scrophulariaceae,NA,NA,herbaceous,native
Adenophora_remotiflora,Adenophora,Campanulaceae,NA,NA,herbaceous,native
Circaea_cordata,Circaea,Onagraceae,NA,NA,herbaceous,native
Salvia_japonica,Salvia,Lamiaceae,NA,NA,herbaceous,native
Viola_grypoceras,Viola,Violaceae,NA,NA,herbaceous,native
Silene_seoulensis,Silene,Caryophyllaceae,NA,NA,herbaceous,native
Diarrhena_japonica,Diarrhena,Poaceae,NA,NA,herbaceous,native
Paeonia_obovata,Paeonia,Ranunculaceae,NA,NA,herbaceous,native
Platanthera_ussuriensis,Platanthera,Orchidaceae,NA,NA,herbaceous,native
Lathyrus_davidii,Lathyrus,Fabaceae,NA,NA,herbaceous,native
Melampyrum_setaceum,Melampyrum,Scrophulariaceae,NA,NA,herbaceous,native
Leontopodium_leontopodioides,Leontopodium,Asteraceae,NA,NA,herbaceous,Aster_native
Cardamine_amariformis,Cardamine,Brassicaceae,NA,NA,herbaceous,native
Cardamine_leucantha,Cardamine,Brassicaceae,NA,NA,herbaceous,native
Carpesium_divaricatum,Carpesium,Asteraceae,NA,NA,herbaceous,Aster_native
Angelica_reflexa,Angelica,Apiaceae,NA,NA,herbaceous,native
Rumex_acetosa,Rumex,Polygonaceae,NA,NA,herbaceous,native
Taraxacum_officinale,Taraxacum,Asteraceae,NA,NA,herbaceous,Aster_exotic
Aster_pilosus,Aster,Asteraceae,NA,NA,herbaceous,Aster_exotic
Scutellaria_pekinensis,Scutellaria,Lamiaceae,Scutellaria_pekinensis,Scutellaria,herbaceous,native
Pseudostellaria_setulosa,Pseudostellaria,Caryophyllaceae,NA,NA,herbaceous,native
Cuscuta_australis,Cuscuta,Convolvulaceae,NA,NA,herbaceous,native
Pilea_japonica,Pilea,Urticaceae,NA,NA,herbaceous,native
Galinsoga_quadriradiata,Galinsoga,Asteraceae,NA,NA,herbaceous,Aster_exotic
Aster_yomena,Aster,Asteraceae,NA,NA,herbaceous,Aster_native
Circaea_mollis,Circaea,Onagraceae,NA,NA,herbaceous,native
Kummerowia_striata,Kummerowia,Fabaceae,Kummerowia_striata,Kummerowia,herbaceous,native
Corchoropsis_tomentosa,Corchoropsis,Tiliaceae,NA,NA,herbaceous,native
Deparia_japonica,Deparia,Athyriaceae,NA,NA,herbaceous,native
Asarum_maculatum,Asarum,Aristolochiaceae,NA,NA,herbaceous,native
Pseudostellaria_davidii,Pseudostellaria,Caryophyllaceae,NA,NA,herbaceous,native
Polygonatum_lasianthum,Polygonatum,Liliaceae,NA,NA,herbaceous,native
Phaenosperma_globosum,Phaenosperma,Poaceae,NA,NA,herbaceous,native
Pinellia_tripartita,Pinellia,Araceae,NA,NA,herbaceous,native
Dunbaria_villosa,Dunbaria,Fabaceae,NA,NA,herbaceous,native
Oreorchis_patens,Oreorchis,Orchidaceae,NA,NA,herbaceous,native
Pilea_peploides,Pilea,Urticaceae,NA,NA,herbaceous,native
Pilea_mongolica,Pilea,Urticaceae,Pilea_pumila,Pilea,herbaceous,native
Dianthus_chinensis,Dianthus,Caryophyllaceae,NA,NA,herbaceous,native
Dontostemon_dentatus,Dontostemon,Brassicaceae,NA,NA,herbaceous,native
Carex_neurocarpa,Carex,Cyperaceae,NA,NA,herbaceous,native
Polygala_tenuifolia,Polygala,Polygalaceae,NA,NA,herbaceous,native
Euphorbia_sieboldiana,Euphorbia,Euphorbiaceae,NA,NA,herbaceous,native
Chrysanthemum_zawadzkii,Chrysanthemum,Asteraceae,NA,NA,herbaceous,Aster_native
Iris_lactea,Iris,Iridaceae,NA,NA,herbaceous,native
Sium_suave,Sium,Apiaceae,NA,NA,herbaceous,native
Cimicifuga_simplex,Cimicifuga,Ranunculaceae,NA,NA,herbaceous,native
Potentilla_discolor,Potentilla,Rosaceae,NA,NA,herbaceous,native
Asparagus_cochinchinensis,Asparagus,Liliaceae,NA,NA,herbaceous,native
Polystichum_polyblepharum,Polystichum,Dryopteridaceae,NA,NA,herbaceous,native
Lophatherum_gracile,Lophatherum,Poaceae,NA,NA,herbaceous,native
Eulalia_speciosa,Eulalia,Poaceae,NA,NA,herbaceous,native
Allium_microdictyon,Allium,Liliaceae,NA,NA,herbaceous,native
Calamagrostis_epigejos,Calamagrostis,Poaceae,NA,NA,herbaceous,native
Parasenecio_hastatus,Parasenecio,Asteraceae,NA,NA,herbaceous,Aster_native
Saxifraga_fortunei,Saxifraga,Saxifragaceae,NA,NA,herbaceous,native
Adenocaulon_himalaicum,Adenocaulon,Asteraceae,NA,NA,herbaceous,Aster_native
Aster_meyendorffii,Aster,Asteraceae,NA,NA,herbaceous,Aster_native
Petasites_japonicus,Petasites,Asteraceae,Petasites_japonicus,Petasites,herbaceous,Aster_native
Bothriochloa_ischaemum,Bothriochloa,Poaceae,NA,NA,herbaceous,native
Miscanthus_sacchariflorus,Miscanthus,Poaceae,Miscanthus_sacchariflorus,Miscanthus,herbaceous,native
Melothria_japonica,Melothria,Cucurbitaceae,NA,NA,herbaceous,native
Xanthium_canadense,Xanthium,Asteraceae,NA,NA,herbaceous,Aster_exotic
Panicum_bisulcatum,Panicum,Poaceae,NA,NA,herbaceous,native
Poa_sphondylodes,Poa,Poaceae,NA,NA,herbaceous,native
Crassocephalum_crepidioides,Crassocephalum,Asteraceae,NA,NA,herbaceous,Aster_exotic
Arisaema_ringens,Arisaema,Araceae,NA,NA,herbaceous,native
Glehnia_littoralis,Glehnia,Apiaceae,NA,NA,herbaceous,native
Ajuga_decumbens,Ajuga,Lamiaceae,NA,NA,herbaceous,native
Semiaquilegia_adoxoides,Semiaquilegia,Ranunculaceae,NA,NA,herbaceous,native
Boehmeria_pannosa,Boehmeria,Urticaceae,NA,NA,herbaceous,native
Lamium_album,Lamium,Lamiaceae,NA,NA,herbaceous,native
Angelica_dahurica,Angelica,Apiaceae,NA,NA,herbaceous,native
Hierochloe_odorata,Hierochloe,Poaceae,NA,NA,herbaceous,native
Corydalis_incisa,Corydalis,Fumariaceae,NA,NA,herbaceous,native
Cerastium_holosteoides,Cerastium,Caryophyllaceae,NA,NA,herbaceous,native
Arachniodes_aristatissima,Arachniodes,Dryopteridaceae,NA,NA,herbaceous,native
Lysimachia_japonica,Lysimachia,Primulaceae,NA,NA,herbaceous,native
Botrychium_japonicum,Botrychium,Ophioglossaceae,NA,NA,herbaceous,native
Huperzia_serrata,Huperzia,Lycopodiaceae,NA,NA,herbaceous,native
Athyrium_alpestre,Athyrium,Athyriaceae,NA,NA,herbaceous,native
Goodyera_rosulacea,Goodyera,Orchidaceae,NA,NA,herbaceous,native
Pimpinella_hallaisanensis,Pimpinella,Apiaceae,NA,NA,herbaceous,native
Brachypodium_sylvaticum,Brachypodium,Poaceae,NA,NA,herbaceous,native
Calanthe_discolor,Calanthe,Orchidaceae,NA,NA,herbaceous,native
Ainsliaea_apiculata,Ainsliaea,Asteraceae,NA,NA,herbaceous,Aster_native
Lemmaphyllum_microphyllum,Lemmaphyllum,Polypodiaceae,NA,NA,herbaceous,native
Goodyera_schlechtendaliana,Goodyera,Orchidaceae,NA,NA,herbaceous,native
Cyclosorus_acuminatus,Cyclosorus,Thelypteridaceae,NA,NA,herbaceous,native
Cyrtomium_falcatum,Cyrtomium,Dryopteridaceae,NA,NA,herbaceous,native
Polystichum_tagawanum,Polystichum,Dryopteridaceae,NA,NA,herbaceous,native
Hydrocotyle_maritima,Hydrocotyle,Apiaceae,NA,NA,herbaceous,native
Dryopteris_monticola,Dryopteris,Dryopteridaceae,NA,NA,herbaceous,native
Farfugium_japonicum,Farfugium,Asteraceae,NA,NA,herbaceous,Aster_native
Sasa_quelpaertensis,Sasa,Poaceae,NA,NA,herbaceous,native
Leptogramma_pozoi,Leptogramma,Thelypteridaceae,NA,NA,herbaceous,native
Gynostemma_pentaphyllum,Gynostemma,Cucurbitaceae,NA,NA,herbaceous,native
Dryopteris_uniformis,Dryopteris,Dryopteridaceae,NA,NA,herbaceous,native
Kirengeshoma_koreana,Kirengeshoma,Saxifragaceae,NA,NA,herbaceous,native
Acalypha_australis,Acalypha,Euphorbiaceae,Acalypha_australis,Acalypha,herbaceous,native
Clinopodium_gracile,Clinopodium,Lamiaceae,NA,NA,herbaceous,native
Aconitum_pseudolaeve,Aconitum,Ranunculaceae,NA,NA,herbaceous,native
Hylomecon_vernalis,Hylomecon,Papaveraceae,NA,NA,herbaceous,native
Scopolia_japonica,Scopolia,Solanaceae,NA,NA,herbaceous,native
Hemerocallis_thunbergii,Hemerocallis,Liliaceae,NA,NA,herbaceous,native
Geranium_thunbergii,Geranium,Geraniaceae,NA,NA,herbaceous,native
Aeschynomene_indica,Aeschynomene,Fabaceae,Aeschynomene_indica,Aeschynomene,herbaceous,native
Corydalis_pallida,Corydalis,Fumariaceae,NA,NA,herbaceous,native
Lilium_distichum,Lilium,Liliaceae,NA,NA,herbaceous,native
Arachniodes_amabilis,Arachniodes,Dryopteridaceae,NA,NA,herbaceous,native
Maianthemum_bifolium,Maianthemum,Liliaceae,NA,NA,herbaceous,native
Sanicula_tuberculata,Sanicula,Apiaceae,NA,NA,herbaceous,native
Hosta_minor,Hosta,Liliaceae,NA,NA,herbaceous,native
Lilium_concolor,Lilium,Liliaceae,NA,NA,herbaceous,native
Impatiens_noli-tangere,Impatiens,Balsaminaceae,NA,NA,herbaceous,native
Phlomis_umbrosa,Phlomis,Lamiaceae,NA,NA,herbaceous,native
Polystichum_lepidocaulon,Polystichum,Dryopteridaceae,NA,NA,herbaceous,native
Stachys_japonica,Stachys,Lamiaceae,NA,NA,herbaceous,native
Cimicifuga_japonica,Cimicifuga,Ranunculaceae,NA,NA,herbaceous,native
Coniogramme_intermedia,Coniogramme,Pteridaceae,NA,NA,herbaceous,native
Dimeria_ornithopoda,Dimeria,Poaceae,NA,NA,herbaceous,native
Carex_maximowiczii,Carex,Cyperaceae,NA,NA,herbaceous,native
Juncus_effusus,Juncus,Juncaceae,NA,NA,herbaceous,native
Haloragis_micrantha,Haloragis,Haloragaceae,NA,NA,herbaceous,native
Cynanchum_amplexicaule,Cynanchum,Apocynaceae,NA,NA,herbaceous,native
Allium_taquetii,Allium,Liliaceae,NA,NA,herbaceous,native
Hydrocotyle_ramiflora,Hydrocotyle,Apiaceae,NA,NA,herbaceous,native
Hypericum_laxum,Hypericum,Clusiaceae,NA,NA,herbaceous,native
Agrostis_clavata,Agrostis,Poaceae,NA,NA,herbaceous,native
Carex_planiculmis,Carex,Cyperaceae,NA,NA,herbaceous,native
Pennisetum_alopecuroides,Pennisetum,Poaceae,Pennisetum_alopecuroides,Pennisetum,herbaceous,native
Cyperus_amuricus,Cyperus,Cyperaceae,NA,NA,herbaceous,native
Aster_tataricus,Aster,Asteraceae,NA,NA,herbaceous,Aster_native
Rhynchosia_volubilis,Rhynchosia,Fabaceae,NA,NA,herbaceous,native
Pollia_japonica,Pollia,Commelinaceae,NA,NA,herbaceous,native
Pteris_multifida,Pteris,Pteridaceae,NA,NA,herbaceous,native
Carduus_crispus,Carduus,Asteraceae,NA,NA,herbaceous,Aster_exotic
Carex_fernaldiana,Carex,Cyperaceae,NA,NA,herbaceous,native
Scutellaria_strigillosa,Scutellaria,Lamiaceae,NA,NA,herbaceous,native
Crepidiastrum_chelidoniifolium,Crepidiastrum,Asteraceae,NA,NA,herbaceous,Aster_native
Carex_lenta,Carex,Cyperaceae,NA,NA,herbaceous,native
Angelica_cartilaginomarginata,Angelica,Apiaceae,NA,NA,herbaceous,native
Filipendula_glaberrima,Filipendula,Rosaceae,NA,NA,herbaceous,native
Murdannia_keisak,Murdannia,Commelinaceae,NA,NA,herbaceous,native
Carex_alterniflora,Carex,Cyperaceae,NA,NA,herbaceous,native
Saussurea_tanakae,Saussurea,Asteraceae,NA,NA,herbaceous,Aster_native
Woodsia_polystichoides,Woodsia,Woodsiaceae,NA,NA,herbaceous,native
Valeriana_fauriei,Valeriana,Valerianaceae,NA,NA,herbaceous,native
Carex_curaica,Carex,Cyperaceae,NA,NA,herbaceous,native
Viola_japonica,Viola,Violaceae,NA,NA,herbaceous,native
Polystichum_braunii,Polystichum,Dryopteridaceae,NA,NA,herbaceous,native
Polystichum_ovato-paleaceum,Polystichum,Dryopteridaceae,NA,NA,herbaceous,native
Stellaria_alsine,Stellaria,Caryophyllaceae,NA,NA,herbaceous,native
Adenophora_polyantha,Adenophora,Campanulaceae,NA,NA,herbaceous,native
Selaginella_involvens,Selaginella,Selaginellaceae,NA,NA,herbaceous,native
Carex_aphanolepis,Carex,Cyperaceae,NA,NA,herbaceous,native
Angelica_polymorpha,Angelica,Apiaceae,NA,NA,herbaceous,native
Galium_kinuta,Galium,Rubiaceae,NA,NA,herbaceous,native
Coreopsis_alternifolia,Coreopsis,Asteraceae,NA,NA,herbaceous,Aster_exotic
Botrychium_robustum,Botrychium,Ophioglossaceae,NA,NA,herbaceous,native
Cardamine_komarovii,Cardamine,Brassicaceae,NA,NA,herbaceous,native
Tetragonia_tetragonoides,Tetragonia,Aizoaceae,NA,NA,herbaceous,native
Tulipa_edulis,Tulipa,Liliaceae,NA,NA,herbaceous,native
Trichosanthes_kirilowii,Trichosanthes,Cucurbitaceae,NA,NA,herbaceous,native
Plagiogyria_euphlebia,Plagiogyria,Plagiogyriaceae,NA,NA,herbaceous,native
Polygonum_dissitiflorum,Polygonum,Polygonaceae,NA,NA,herbaceous,native
Oenanthe_javanica,Oenanthe,Apiaceae,NA,NA,herbaceous,native
Cacalia_auriculata,Cacalia,Asteraceae,NA,NA,herbaceous,Aster_native
Pedicularis_resupinata,Pedicularis,Scrophulariaceae,NA,NA,herbaceous,native
Parasenecio_firmus,Parasenecio,Asteraceae,NA,NA,herbaceous,Aster_native
Galinsoga_parviflora,Galinsoga,Asteraceae,NA,NA,herbaceous,Aster_exotic
Beckmannia_syzigachne,Beckmannia,Poaceae,Beckmannia_syzigachne,Beckmannia,herbaceous,native
Rorippa_indica,Rorippa,Brassicaceae,NA,NA,herbaceous,native
Galium_kamtschaticum,Galium,Rubiaceae,NA,NA,herbaceous,native
Bromus_remotiflorus,Bromus,Poaceae,NA,NA,herbaceous,native
Sisymbrium_luteum,Sisymbrium,Brassicaceae,NA,NA,herbaceous,native
Artemisia_annua,Artemisia,Asteraceae,Artemisia_annua,Artemisia,herbaceous,Aster_native
Senecio_vulgaris,Senecio,Asteraceae,NA,NA,herbaceous,Aster_exotic
Sphenomeris_chinensis,Sphenomeris,Dennstaedtiaceae,NA,NA,herbaceous,native
Sedum_polytrichoides,Sedum,Crassulaceae,NA,NA,herbaceous,native
Calamagrostis_langsdorffii,Calamagrostis,Poaceae,NA,NA,herbaceous,native
Aster_koraiensis,Aster,Asteraceae,Picea_koraiensis,Picea,herbaceous,Aster_native
Ixeris_polycephala,Ixeris,Asteraceae,Ixeris_polycephala,Ixeris,herbaceous,Aster_native
Potentilla_anemonifolia,Potentilla,Rosaceae,Potentilla_sundaica,Potentilla,herbaceous,native
Cirsium_pendulum,Cirsium,Asteraceae,Cirsium_pendulum,Cirsium,herbaceous,Aster_native
Sedum_middendorffianum,Sedum,Crassulaceae,Phedimus_kamtschaticus,Phedimus,herbaceous,native
Bromus_canadensis,Bromus,Poaceae,Bromus_ciliatus,Bromus,herbaceous,native
Carex_leiorhyncha,Carex,Cyperaceae,NA,NA,herbaceous,native
Phegopteris_decursive-pinnata,Phegopteris,Thelypteridaceae,NA,NA,herbaceous,native
Cheilanthes_argentea,Cheilanthes,Pteridaceae,NA,NA,herbaceous,native
Conyza_bonariensis,Conyza,Asteraceae,Erigeron_bonariensis,Erigeron,herbaceous,Aster_exotic
Bidens_pilosa,Bidens,Asteraceae,NA,NA,herbaceous,Aster_exotic
Sigesbeckia_glabrescens,Sigesbeckia,Asteraceae,Sigesbeckia_glabrescens,Sigesbeckia,herbaceous,Aster_native
Bidens_parviflora,Bidens,Asteraceae,NA,NA,herbaceous,Aster_native
Disporum_uniflorum,Disporum,Liliaceae,NA,NA,herbaceous,native
Carex_dispalata,Carex,Cyperaceae,NA,NA,herbaceous,native
Polygonatum_stenophyllum,Polygonatum,Liliaceae,NA,NA,herbaceous,native
Anthriscus_sylvestris,Anthriscus,Apiaceae,Anthriscus_sylvestris,Anthriscus,herbaceous,native
Matteuccia_struthiopteris,Matteuccia,Onocleaceae,Matteuccia_struthiopteris,Matteuccia,herbaceous,native
Aconitum_coreanum,Aconitum,Ranunculaceae,NA,NA,herbaceous,native
Echinops_setifer,Echinops,Asteraceae,NA,NA,herbaceous,Aster_native
Leonurus_macranthus,Leonurus,Lamiaceae,NA,NA,herbaceous,native
Pimpinella_komarovii,Pimpinella,Apiaceae,NA,NA,herbaceous,native
Commelina_coreana,Commelina,Commelinaceae,Commelina_communis,Commelina,herbaceous,native
Scabiosa_tschiliensis,Scabiosa,Dipsacaceae,NA,NA,herbaceous,native
Marsdenia_tomentosa,Marsdenia,Apocynaceae,NA,NA,herbaceous,native
Thalictrum_ichangense,Thalictrum,Ranunculaceae,NA,NA,herbaceous,native
Asplenium_ruprechtii,Asplenium,Aspleniaceae,NA,NA,herbaceous,native
Euphorbia_pekinensis,Euphorbia,Euphorbiaceae,NA,NA,herbaceous,native
Vicia_nipponica,Vicia,Fabaceae,NA,NA,herbaceous,native
Peucedanum_insolens,Peucedanum,Apiaceae,NA,NA,herbaceous,native
Phtheirospermum_japonicum,Phtheirospermum,Scrophulariaceae,NA,NA,herbaceous,native
Luzula_capitata,Luzula,Juncaceae,NA,NA,herbaceous,native
Cirsium_setidens,Cirsium,Asteraceae,Cirsium_setidens,Cirsium,herbaceous,Aster_native
Aconitum_villosum,Aconitum,Ranunculaceae,NA,NA,herbaceous,native
Ligularia_jaluensis,Ligularia,Asteraceae,NA,NA,herbaceous,Aster_native
Astilbe_koreana,Astilbe,Saxifragaceae,NA,NA,herbaceous,native
Lycopus_lucidus,Lycopus,Lamiaceae,NA,NA,herbaceous,native
Mukdenia_rossii,Mukdenia,Saxifragaceae,Mukdenia_rossii,Mukdenia,herbaceous,native
Brachybotrys_paridiformis,Brachybotrys,Boraginaceae,NA,NA,herbaceous,native
Vicia_anguste-pinnata,Vicia,Fabaceae,NA,NA,herbaceous,native
Osmorhiza_aristata,Osmorhiza,Apiaceae,NA,NA,herbaceous,native
Corydalis_ternata,Corydalis,Fumariaceae,NA,NA,herbaceous,native
Leptorumohra_miqueliana,Leptorumohra,Dryopteridaceae,NA,NA,herbaceous,native
Chenopodium_album,Chenopodium,Chenopodiaceae,Chenopodium_giganteum,Chenopodium,herbaceous,native
Spiranthes_sinensis,Spiranthes,Orchidaceae,NA,NA,herbaceous,native
Echinochloa_utilis,Echinochloa,Poaceae,NA,NA,herbaceous,native
Nephrolepis_cordifolia,Nephrolepis,Nephrolepidaceae,NA,NA,herbaceous,native
Tricyrtis_macropoda,Tricyrtis,Liliaceae,NA,NA,herbaceous,native
Lysimachia_davurica,Lysimachia,Primulaceae,NA,NA,herbaceous,native
Viola_lactiflora,Viola,Violaceae,NA,NA,herbaceous,native
Microstegium_japonicum,Microstegium,Poaceae,Microstegium_japonicum,Microstegium,herbaceous,native
Trigonotis_radicans,Trigonotis,Boraginaceae,NA,NA,herbaceous,native
Scorzonera_albicaulis,Scorzonera,Asteraceae,NA,NA,herbaceous,Aster_native
Woodsia_manchuriensis,Woodsia,Woodsiaceae,NA,NA,herbaceous,native
Selaginella_tamariscina,Selaginella,Selaginellaceae,NA,NA,herbaceous,native
Aconitum_austrokoreense,Aconitum,Ranunculaceae,NA,NA,herbaceous,native
Asplenium_pekinense,Asplenium,Aspleniaceae,NA,NA,herbaceous,native
Scirpus_karuisawensis,Scirpus,Cyperaceae,NA,NA,herbaceous,native
Aconitum_longecassidatum,Aconitum,Ranunculaceae,NA,NA,herbaceous,native
Calystegia_hederacea,Calystegia,Convolvulaceae,NA,NA,herbaceous,native
Rubia_pubescens,Rubia,Rubiaceae,NA,NA,herbaceous,native
Cuscuta_japonica,Cuscuta,Convolvulaceae,NA,NA,herbaceous,native
Equisetum_hyemale,Equisetum,Equisetaceae,NA,NA,herbaceous,native
Galium_paradoxum,Galium,Rubiaceae,NA,NA,herbaceous,native
Scrophularia_kakudensis,Scrophularia,Scrophulariaceae,NA,NA,herbaceous,native
Urtica_angustifolia,Urtica,Urticaceae,NA,NA,herbaceous,native
Parasenecio_auriculatus,Parasenecio,Asteraceae,NA,NA,herbaceous,Aster_native
Symplocarpus_renifolius,Symplocarpus,Araceae,NA,NA,herbaceous,native
Viola_ovato-oblonga,Viola,Violaceae,NA,NA,herbaceous,native
Lepisorus_thunbergianus,Lepisorus,Polypodiaceae,NA,NA,herbaceous,native
Geum_japonicum,Geum,Rosaceae,Geum_japonicum,Geum,herbaceous,native
Monotropa_uniflora,Monotropa,Pyrolaceae,NA,NA,herbaceous,native
Platanthera_chlorantha,Platanthera,Orchidaceae,NA,NA,herbaceous,native
Aruncus_dioicus,Aruncus,Rosaceae,Aruncus_dioicus,Aruncus,herbaceous,native
Bupleurum_falcatum,Bupleurum,Apiaceae,Bupleurum_falcatum,Bupleurum,herbaceous,native
Metathelypteris_laxa,Metathelypteris,Thelypteridaceae,NA,NA,herbaceous,native
Thelypteris_glanduligera,Thelypteris,Thelypteridaceae,NA,NA,herbaceous,native
Carex_tristachya,Carex,Cyperaceae,NA,NA,herbaceous,native
Urtica_thunbergiana,Urtica,Urticaceae,NA,NA,herbaceous,native
Aconitum_kusnezoffii,Aconitum,Ranunculaceae,NA,NA,herbaceous,native
Cremastra_appendiculata,Cremastra,Orchidaceae,NA,NA,herbaceous,native
Rubia_hexaphylla,Rubia,Rubiaceae,NA,NA,herbaceous,native
Diarrhena_fauriei,Diarrhena,Poaceae,NA,NA,herbaceous,native
Lychnis_cognata,Lychnis,Caryophyllaceae,NA,NA,herbaceous,native
Streptopus_ovalis,Streptopus,Liliaceae,NA,NA,herbaceous,native
Epipactis_papillosa,Epipactis,Orchidaceae,NA,NA,herbaceous,native
Crepidiastrixeris_denticulatoplatyphylla,Crepidiastrixeris,Asteraceae,NA,NA,herbaceous,Aster_native
Desmodium_podocarpum,Desmodium,Fabaceae,NA,NA,herbaceous,native
Carex_polyschoena,Carex,Cyperaceae,NA,NA,herbaceous,native
Polygonum_viscoferum,Polygonum,Polygonaceae,NA,NA,herbaceous,native
Sonchus_oleraceus,Sonchus,Asteraceae,NA,NA,herbaceous,Aster_exotic
Saussurea_pulchella,Saussurea,Asteraceae,NA,NA,herbaceous,Aster_native
Diarrhena_mandshurica,Diarrhena,Poaceae,NA,NA,herbaceous,native
Teucrium_viscidum,Teucrium,Lamiaceae,NA,NA,herbaceous,native
Cucubalus_baccifer,Cucubalus,Caryophyllaceae,NA,NA,herbaceous,native
Pseudostellaria_coreana,Pseudostellaria,Caryophyllaceae,NA,NA,herbaceous,native
Pteridium_aquilinum,Pteridium,Dennstaedtiaceae,NA,NA,herbaceous,native
Asperula_lasiantha,Asperula,Rubiaceae,NA,NA,herbaceous,native
Swertia_japonica,Swertia,Gentianaceae,NA,NA,herbaceous,native
Ophiopogon_jaburan,Ophiopogon,Liliaceae,NA,NA,herbaceous,native
Hylotelephium_erythrostictum,Hylotelephium,Crassulaceae,NA,NA,herbaceous,native
Cynanchum_atratum,Cynanchum,Apocynaceae,NA,NA,herbaceous,native
Bletilla_striata,Bletilla,Orchidaceae,NA,NA,herbaceous,native
Lithospermum_zollingeri,Lithospermum,Boraginaceae,NA,NA,herbaceous,native
Ixeris_chinensis,Ixeris,Asteraceae,NA,NA,herbaceous,Aster_native
Iris_ruthenica,Iris,Iridaceae,Iris_ruthenica,Iris,herbaceous,native
Eragrostis_multicaulis,Eragrostis,Poaceae,NA,NA,herbaceous,native
Osmunda_cinnamomea,Osmunda,Osmundaceae,Osmundastrum_cinnamomeum,Osmundastrum,herbaceous,native
Liparis_krameri,Liparis,Orchidaceae,NA,NA,herbaceous,native
Paeonia_japonica,Paeonia,Ranunculaceae,NA,NA,herbaceous,native
Allium_macrostemon,Allium,Liliaceae,NA,NA,herbaceous,native
Viola_diamantiaca,Viola,Violaceae,NA,NA,herbaceous,native
Rodgersia_podophylla,Rodgersia,Saxifragaceae,NA,NA,herbaceous,native
Trisetum_bifidum,Trisetum,Poaceae,NA,NA,herbaceous,native
Oxalis_obtriangulata,Oxalis,Oxalidaceae,NA,NA,herbaceous,native
Chrysosplenium_pseudofauriei,Chrysosplenium,Saxifragaceae,NA,NA,herbaceous,native
Milium_effusum,Milium,Poaceae,NA,NA,herbaceous,native
Carex_pediformis,Carex,Cyperaceae,NA,NA,herbaceous,native
Galium_spurium,Galium,Rubiaceae,Galium_spurium,Galium,herbaceous,native
Adenophora_verticillata,Adenophora,Campanulaceae,Adenophora_triphylla,Adenophora,herbaceous,native
Carex_kamagariensis,Carex,Cyperaceae,NA,NA,herbaceous,native
Pimpinella_koreana,Pimpinella,Apiaceae,NA,NA,herbaceous,native
Potentilla_anserina,Potentilla,Rosaceae,NA,NA,herbaceous,native
Viola_tokubuchiana,Viola,Violaceae,NA,NA,herbaceous,native
Salvia_chanryoenica,Salvia,Lamiaceae,NA,NA,herbaceous,native
Hanabusaya_asiatica,Hanabusaya,Campanulaceae,NA,NA,herbaceous,native
Patrinia_saniculifolia,Patrinia,Valerianaceae,NA,NA,herbaceous,native
Gentiana_triflora,Gentiana,Gentianaceae,NA,NA,herbaceous,native
Parasenecio_koraiensis,Parasenecio,Asteraceae,NA,NA,herbaceous,Aster_native
Epimedium_koreanum,Epimedium,Berberidaceae,NA,NA,herbaceous,native
Cryptotaenia_japonica,Cryptotaenia,Apiaceae,NA,NA,herbaceous,native
Primula_jesoana,Primula,Primulaceae,NA,NA,herbaceous,native
Gentiana_scabra,Gentiana,Gentianaceae,NA,NA,herbaceous,native
Polypogon_fugax,Polypogon,Poaceae,NA,NA,herbaceous,native
Potentilla_dickinsii,Potentilla,Rosaceae,NA,NA,herbaceous,native
Prenanthes_ochroleuca,Prenanthes,Asteraceae,NA,NA,herbaceous,Aster_native
Selaginella_rossii,Selaginella,Selaginellaceae,NA,NA,herbaceous,native
Adenophora_divaricata,Adenophora,Campanulaceae,NA,NA,herbaceous,native
Arachniodes_standishii,Arachniodes,Dryopteridaceae,NA,NA,herbaceous,native
Mentha_arvensis,Mentha,Lamiaceae,NA,NA,herbaceous,native
Acorus_calamus,Acorus,Araceae,NA,NA,herbaceous,native
Leersia_japonica,Leersia,Poaceae,NA,NA,herbaceous,native
Mukdenia_rossii,Mukdenia,Saxifragaceae,NA,NA,herbaceous,native
Primula_sieboldii,Primula,Primulaceae,NA,NA,herbaceous,native
Deparia_coreana,Deparia,Athyriaceae,NA,NA,herbaceous,native
Sillaphyton_podagraria,Sillaphyton,Apiaceae,NA,NA,herbaceous,native
Cornopteris_crenulato-serrulata,Cornopteris,Athyriaceae,NA,NA,herbaceous,native
Osmunda_claytoniana,Osmunda,Osmundaceae,NA,NA,herbaceous,native
Dennstaedtia_hirsuta,Dennstaedtia,Dennstaedtiaceae,NA,NA,herbaceous,native
Ligularia_jamesii,Ligularia,Asteraceae,NA,NA,herbaceous,Aster_native
Achillea_alpina,Achillea,Asteraceae,NA,NA,herbaceous,Aster_native
Orostachys_minuta,Orostachys,Crassulaceae,NA,NA,herbaceous,native
Gentiana_squarrosa,Gentiana,Gentianaceae,NA,NA,herbaceous,native
Circaea_alpina,Circaea,Onagraceae,NA,NA,herbaceous,native
Anemone_reflexa,Anemone,Ranunculaceae,NA,NA,herbaceous,native
Lepisorus_ussuriensis,Lepisorus,Polypodiaceae,NA,NA,herbaceous,native
Polygonatum_falcatum,Polygonatum,Liliaceae,NA,NA,herbaceous,native
Circaea_lutetiana,Circaea,Onagraceae,NA,NA,herbaceous,native
Actinostemma_lobatum,Actinostemma,Cucurbitaceae,NA,NA,herbaceous,native
Polygonum_muricatum,Polygonum,Polygonaceae,NA,NA,herbaceous,native
Ranunculus_sceleratus,Ranunculus,Ranunculaceae,NA,NA,herbaceous,native
Polygonum_viscosum,Polygonum,Polygonaceae,NA,NA,herbaceous,native
Bupleurum_longeradiatum,Bupleurum,Apiaceae,NA,NA,herbaceous,native
Ajuga_spectabilis,Ajuga,Lamiaceae,NA,NA,herbaceous,native
Ostericum_grosseserratum,Ostericum,Apiaceae,NA,NA,herbaceous,native
Diplazium_mesosorum,Diplazium,Athyriaceae,NA,NA,herbaceous,native
Thelypteris_beddomei,Thelypteris,Thelypteridaceae,NA,NA,herbaceous,native
Lactuca_triangulata,Lactuca,Asteraceae,NA,NA,herbaceous,Aster_native
Adenophora_liliifolia,Adenophora,Campanulaceae,NA,NA,herbaceous,native
Calamagrostis_pseudophragmites,Calamagrostis,Poaceae,NA,NA,herbaceous,native
Rotala_indica,Rotala,Lythraceae,NA,NA,herbaceous,native
Asyneuma_japonicum,Asyneuma,Campanulaceae,NA,NA,herbaceous,native
Potentilla_cryptotaeniae,Potentilla,Rosaceae,NA,NA,herbaceous,native
Odontosoria_chinensis,Odontosoria,Lindsaeaceae,NA,NA,herbaceous,native
Pseudolysimachion_dauricum,Pseudolysimachion,Scrophulariaceae,NA,NA,herbaceous,native
Allium_spirale,Allium,Liliaceae,NA,NA,herbaceous,native
Lilium_cernuum,Lilium,Liliaceae,NA,NA,herbaceous,native
Amitostigma_gracile,Amitostigma,Orchidaceae,NA,NA,herbaceous,native
Chrysanthemum_oreastrum,Chrysanthemum,Asteraceae,NA,NA,herbaceous,Aster_native
Woodsia_microsora,Woodsia,Woodsiaceae,NA,NA,herbaceous,native
Streptolirion_volubile,Streptolirion,Commelinaceae,NA,NA,herbaceous,native
Urtica_laetevirens,Urtica,Urticaceae,NA,NA,herbaceous,native
Rhynchosia_acuminatifolia,Rhynchosia,Fabaceae,NA,NA,herbaceous,native
Dryopteris_saxifragi-varia,Dryopteris,Dryopteridaceae,NA,NA,herbaceous,native
Dicranopteris_linearis,Dicranopteris,Gleicheniaceae,NA,NA,herbaceous,native
Dryopteris_expansa,Dryopteris,Dryopteridaceae,NA,NA,herbaceous,native
Eupatorium_makinoi,Eupatorium,Asteraceae,NA,NA,herbaceous,Aster_native
Aster_spathulifolius,Aster,Asteraceae,NA,NA,herbaceous,Aster_native
Hololeion_maximowiczii,Hololeion,Asteraceae,NA,NA,herbaceous,Aster_native
Adenophora_verticillata,Adenophora,Campanulaceae,NA,NA,herbaceous,native
Ostericum_sieboldii,Ostericum,Apiaceae,NA,NA,herbaceous,native
Vicia_cracca,Vicia,Fabaceae,NA,NA,herbaceous,native
Hepatica_insularis,Hepatica,Ranunculaceae,NA,NA,herbaceous,native
Dumasia_truncata,Dumasia,Fabaceae,NA,NA,herbaceous,native
Artemisia_indica,Artemisia,Asteraceae,NA,NA,herbaceous,Aster_native
Rubia_argyi,Rubia,Rubiaceae,NA,NA,herbaceous,native
Trigonotis_icumae,Trigonotis,Boraginaceae,NA,NA,herbaceous,native
Draba_nemorosa,Draba,Brassicaceae,NA,NA,herbaceous,native
Persicaria_thunbergii,Persicaria,Polygonaceae,NA,NA,herbaceous,native
Phragmites_australis,Phragmites,Poaceae,NA,NA,herbaceous,native
Juncus_decipiens,Juncus,Juncaceae,NA,NA,herbaceous,native
Astilbe_chinensis,Astilbe,Saxifragaceae,Astilbe_rubra,Astilbe,herbaceous,native
Gagea_nakaiana,Gagea,Liliaceae,NA,NA,herbaceous,native
Achyranthes_bidentata,Achyranthes,Amaranthaceae,Achyranthes_bidentata,Achyranthes,herbaceous,native
Persicaria_senticosa,Persicaria,Polygonaceae,NA,NA,herbaceous,native
Elymus_tsukushiensis,Elymus,Poaceae,Elymus_tsukushiensis,Elymus,herbaceous,native
Pseudosasa_japonica,Pseudosasa,Poaceae,Pseudosasa_japonica,Pseudosasa,herbaceous,native
Iris_minutoaurea,Iris,Iridaceae,NA,NA,herbaceous,native
Gentiana_zollingeri,Gentiana,Gentianaceae,NA,NA,herbaceous,native
Persicaria_longiseta,Persicaria,Polygonaceae,Persicaria_longiseta,Persicaria,herbaceous,native
Persicaria_filiformis,Persicaria,Polygonaceae,Persicaria_filiformis,Persicaria,herbaceous,native
Dioscorea_polystachya,Dioscorea,Dioscoreaceae,NA,NA,herbaceous,native
Galium_koreanum,Galium,Rubiaceae,Galium_bungei,Galium,herbaceous,native
Adonis_amurensis,Adonis,Ranunculaceae,NA,NA,herbaceous,native
Astragalus_mongholicus,Astragalus,Fabaceae,NA,NA,herbaceous,native
Carex_longerostrata,Carex,Cyperaceae,NA,NA,herbaceous,native
Maianthemum_japonicum,Maianthemum,Liliaceae,NA,NA,herbaceous,native
Corydalis_ambigua,Corydalis,Fumariaceae,NA,NA,herbaceous,native
Galium_bungei,Galium,Rubiaceae,Galium_bungei,Galium,herbaceous,native
Viola_hirtipes,Viola,Violaceae,NA,NA,herbaceous,native
Dioscorea_coreana,Dioscorea,Dioscoreaceae,NA,NA,herbaceous,native
Persicaria_nepalensis,Persicaria,Polygonaceae,NA,NA,herbaceous,native
Galium_maximowiczii,Galium,Rubiaceae,NA,NA,herbaceous,native
Cimicifuga_foetida,Cimicifuga,Ranunculaceae,NA,NA,herbaceous,native
Arisaema_serratum,Arisaema,Araceae,NA,NA,herbaceous,native
Silene_baccifera,Silene,Caryophyllaceae,NA,NA,herbaceous,native
Tripora_divaricata,Tripora,Verbenaceae,NA,NA,herbaceous,native
Oplismenus_undulatifolius,Oplismenus,Poaceae,NA,NA,herbaceous,native
Carex_fusanensis,Carex,Cyperaceae,NA,NA,herbaceous,native
Sedum_aizoon,Sedum,Crassulaceae,NA,NA,herbaceous,native
Hylodesmum_podocarpum,Hylodesmum,Fabaceae,NA,NA,herbaceous,native
Polygonatum_humile,Polygonatum,Liliaceae,NA,NA,herbaceous,native
Barnardia_japonica,Barnardia,Liliaceae,Barnardia_japonica,Barnardia,herbaceous,native
Persicaria_dissitiflora,Persicaria,Polygonaceae,NA,NA,herbaceous,native
Iris_ruthenica,Iris,Iridaceae,NA,NA,herbaceous,native
Corydalis_maculata,Corydalis,Fumariaceae,NA,NA,herbaceous,native
Clinopodium_multicaule,Clinopodium,Lamiaceae,NA,NA,herbaceous,native
Persicaria_hydropiper,Persicaria,Polygonaceae,Persicaria_hydropiper,Persicaria,herbaceous,native
Festuca_extremiorientalis,Festuca,Poaceae,NA,NA,herbaceous,native
Metanarthecium_luteoviride,Metanarthecium,Liliaceae,NA,NA,herbaceous,native
Gastrodia_elata,Gastrodia,Orchidaceae,NA,NA,herbaceous,native
Galium_odoratum,Galium,Rubiaceae,NA,NA,herbaceous,native
Scrophularia_koraiensis,Scrophularia,Scrophulariaceae,NA,NA,herbaceous,native
Hylodesmum_oldhamii,Hylodesmum,Fabaceae,NA,NA,herbaceous,native
Asarum_versicolor,Asarum,Aristolochiaceae,NA,NA,herbaceous,native
Cymbopogon_goeringii,Cymbopogon,Poaceae,NA,NA,herbaceous,native
Veratrum_oxysepalum,Veratrum,Liliaceae,NA,NA,herbaceous,native
Boehmeria_japonica,Boehmeria,Urticaceae,NA,NA,herbaceous,native
Persicaria_sagittata,Persicaria,Polygonaceae,Persicaria_sagittata,Persicaria,herbaceous,native
Carex_laevissima,Carex,Cyperaceae,NA,NA,herbaceous,native
Salvia_plebeia,Salvia,Lamiaceae,NA,NA,herbaceous,native
Persicaria_perfoliata,Persicaria,Polygonaceae,NA,NA,herbaceous,native
Chrysosplenium_japonicum,Chrysosplenium,Saxifragaceae,NA,NA,herbaceous,native
Athyrium_iseanum,Athyrium,Athyriaceae,NA,NA,herbaceous,native
Thelypteris_quelpartensis,Thelypteris,Thelypteridaceae,NA,NA,herbaceous,native
Dioscorea_quinquelobata,Dioscorea,Dioscoreaceae,NA,NA,herbaceous,native
Carex_dimorpholepis,Carex,Cyperaceae,NA,NA,herbaceous,native
Trillium_tschonoskii,Trillium,Liliaceae,NA,NA,herbaceous,native
Persicaria_muricata,Persicaria,Polygonaceae,NA,NA,herbaceous,native
Athyrium_acutipinnulum,Athyrium,Athyriaceae,NA,NA,herbaceous,native
Dystaenia_takesimana,Dystaenia,Apiaceae,NA,NA,herbaceous,native
Sonchus_asper,Sonchus,Asteraceae,NA,NA,herbaceous,Aster_exotic
Maianthemum_dilatatum,Maianthemum,Liliaceae,NA,NA,herbaceous,native
Hepatica_maxima,Hepatica,Ranunculaceae,NA,NA,herbaceous,native
Trillium_camschatcense,Trillium,Liliaceae,NA,NA,herbaceous,native
Arisaema_takesimense,Arisaema,Araceae,NA,NA,herbaceous,native
Lilium_hansonii,Lilium,Liliaceae,NA,NA,herbaceous,native
Duchesnea_indica,Duchesnea,Rosaceae,NA,NA,herbaceous,native
Valeriana_dageletiana,Valeriana,Valerianaceae,NA,NA,herbaceous,native
Aster_pseudoglehnii,Aster,Asteraceae,NA,NA,herbaceous,Aster_native
Vicia_sativa,Vicia,Fabaceae,NA,NA,herbaceous,native
Selliguea_hastata,Selliguea,Polypodiaceae,NA,NA,herbaceous,native
Huperzia_miyoshiana,Huperzia,Lycopodiaceae,NA,NA,herbaceous,native
Mercurialis_leiocarpa,Mercurialis,Euphorbiaceae,NA,NA,herbaceous,native
Persicaria_hastatosagittata,Persicaria,Polygonaceae,NA,NA,herbaceous,native
Veratrum_maackii,Veratrum,Liliaceae,NA,NA,herbaceous,native
Angelica_amurensis,Angelica,Apiaceae,NA,NA,herbaceous,native
Juncus_tenuis,Juncus,Juncaceae,NA,NA,herbaceous,native
Scirpus_radicans,Scirpus,Cyperaceae,NA,NA,herbaceous,native
Ixeridium_dentatum,Ixeridium,Asteraceae,NA,NA,herbaceous,Aster_native
Dryopteris_gymnophylla,Dryopteris,Dryopteridaceae,NA,NA,herbaceous,native
Persicaria_maculosa,Persicaria,Polygonaceae,NA,NA,herbaceous,native
Dryopteris_hondoensis,Dryopteris,Dryopteridaceae,NA,NA,herbaceous,native
Potentilla_centigrana,Potentilla,Rosaceae,NA,NA,herbaceous,native
Girardinia_diversifolia,Girardinia,Urticaceae,NA,NA,herbaceous,native
Androsace_umbellata,Androsace,Primulaceae,NA,NA,herbaceous,native
Glyceria_leptolepis,Glyceria,Poaceae,NA,NA,herbaceous,native
Schizachyrium_brevifolium,Schizachyrium,Poaceae,NA,NA,herbaceous,native
Arisaema_thunbergii,Arisaema,Araceae,NA,NA,herbaceous,native
Persicaria_posumbu,Persicaria,Polygonaceae,NA,NA,herbaceous,native
Potentilla_kleiniana,Potentilla,Rosaceae,NA,NA,herbaceous,native
Diarrhena_koryoensis,Diarrhena,Poaceae,NA,NA,herbaceous,native
Carex_conica,Carex,Cyperaceae,NA,NA,herbaceous,native
Persicaria_praetermissa,Persicaria,Polygonaceae,NA,NA,herbaceous,native
Persicaria_viscosa,Persicaria,Polygonaceae,NA,NA,herbaceous,native
Dryopteris_fuscipes,Dryopteris,Dryopteridaceae,NA,NA,herbaceous,native
Gastrodia_pubilabiata,Gastrodia,Orchidaceae,NA,NA,herbaceous,native
Leptorumohra_borealis,Leptorumohra,Dryopteridaceae,NA,NA,herbaceous,native
Poa_acroleuca,Poa,Poaceae,NA,NA,herbaceous,native
Rhynchospermum_verticillatum,Rhynchospermum,Asteraceae,NA,NA,herbaceous,Aster_native
Liparis_makinoana,Liparis,Orchidaceae,NA,NA,herbaceous,native
Peracarpa_carnosa,Peracarpa,Campanulaceae,NA,NA,herbaceous,native
Dryopteris_nipponensis,Dryopteris,Dryopteridaceae,NA,NA,herbaceous,native
Goodyera_velutina,Goodyera,Orchidaceae,NA,NA,herbaceous,native
Molinia_japonica,Molinia,Poaceae,NA,NA,herbaceous,native
Anemone_narcissiflora,Anemone,Ranunculaceae,NA,NA,herbaceous,native
Adenophora_stricta,Adenophora,Campanulaceae,NA,NA,herbaceous,native
Parasenecio_adenostyloides,Parasenecio,Asteraceae,NA,NA,herbaceous,Aster_native
Eranthis_stellata,Eranthis,Ranunculaceae,NA,NA,herbaceous,native
Anemone_raddeana,Anemone,Ranunculaceae,NA,NA,herbaceous,native
Polystichum_retrosopaleaceum,Polystichum,Dryopteridaceae,NA,NA,herbaceous,native
Saxifraga_oblongifolia,Saxifraga,Saxifragaceae,NA,NA,herbaceous,native
Peucedanum_terebinthaceum,Peucedanum,Apiaceae,NA,NA,herbaceous,native
Carex_egena,Carex,Cyperaceae,NA,NA,herbaceous,native
Fallopia_ciliinervis,Fallopia,Polygonaceae,NA,NA,herbaceous,native
Corydalis_pauciovulata,Corydalis,Fumariaceae,NA,NA,herbaceous,native
Mentha_canadensis,Mentha,Lamiaceae,NA,NA,herbaceous,native
Persicaria_conspicua,Persicaria,Polygonaceae,NA,NA,herbaceous,native
Glechoma_grandis,Glechoma,Lamiaceae,NA,NA,herbaceous,native
Saussurea_macrolepis,Saussurea,Asteraceae,NA,NA,herbaceous,Aster_native
Viola_kusanoana,Viola,Violaceae,NA,NA,herbaceous,native
Disporum_sessile,Disporum,Liliaceae,NA,NA,herbaceous,native
Allium_ochotense,Allium,Liliaceae,NA,NA,herbaceous,native
Sasa_kurilensis,Sasa,Poaceae,NA,NA,herbaceous,native
Solidago_virgaurea,Solidago,Asteraceae,NA,NA,herbaceous,Aster_native
Scrophularia_takesimensis,Scrophularia,Scrophulariaceae,NA,NA,herbaceous,native
Carex_blepharicarpa,Carex,Cyperaceae,NA,NA,herbaceous,native
Sedum_takesimense,Sedum,Crassulaceae,NA,NA,herbaceous,native
Carex_wahuensis,Carex,Cyperaceae,NA,NA,herbaceous,native
Pyrrosia_lingua,Pyrrosia,Polypodiaceae,NA,NA,herbaceous,native
Hypochaeris_radicata,Hypochaeris,Asteraceae,NA,NA,herbaceous,Aster_exotic
Viola_boissieuana,Viola,Violaceae,NA,NA,herbaceous,native
Botrychium_virginianum,Botrychium,Ophioglossaceae,NA,NA,herbaceous,native
Lecanorchis_japonica,Lecanorchis,Orchidaceae,NA,NA,herbaceous,native
Tripterospermum_japonicum,Tripterospermum,Gentianaceae,NA,NA,herbaceous,native
Strobilanthes_oliganthus,Strobilanthes,Acanthaceae,NA,NA,herbaceous,native
Hypolepis_punctata,Hypolepis,Dennstaedtiaceae,NA,NA,herbaceous,native
Adonis_multiflora,Adonis,Ranunculaceae,NA,NA,herbaceous,native
Tipularia_japonica,Tipularia,Orchidaceae,NA,NA,herbaceous,native
Mazus_pumilus,Mazus,Scrophulariaceae,NA,NA,herbaceous,native
Cephalanthera_falcata,Cephalanthera,Orchidaceae,NA,NA,herbaceous,native
Cephalanthera_subaphylla,Cephalanthera,Orchidaceae,NA,NA,herbaceous,native
Goodyera_maximowicziana,Goodyera,Orchidaceae,NA,NA,herbaceous,native
Galium_trifidum,Galium,Rubiaceae,NA,NA,herbaceous,native
Goodyera_biflora,Goodyera,Orchidaceae,NA,NA,herbaceous,native
Calanthe_sieboldii,Calanthe,Orchidaceae,NA,NA,herbaceous,native
Codonopsis_ussuriensis,Codonopsis,Campanulaceae,NA,NA,herbaceous,native
Calanthe_reflexa,Calanthe,Orchidaceae,NA,NA,herbaceous,native
Platanthera_hologlottis,Platanthera,Orchidaceae,NA,NA,herbaceous,native
Pyrrosia_hastata,Pyrrosia,Polypodiaceae,NA,NA,herbaceous,native
Ageratina_altissima,Ageratina,Asteraceae,NA,NA,herbaceous,Aster_exotic
Hypodematium_glanduloso-pilosum,Hypodematium,Hypodematiaceae,NA,NA,herbaceous,native
Persicaria_lapathifolia,Persicaria,Polygonaceae,NA,NA,herbaceous,native
Lophatherum_sinense,Lophatherum,Poaceae,NA,NA,herbaceous,native
Corydalis_heterocarpa,Corydalis,Fumariaceae,NA,NA,herbaceous,native
Sanicula_rubriflora,Sanicula,Apiaceae,NA,NA,herbaceous,native
Potamogeton_distinctus,Potamogeton,Potamogetonaceae,NA,NA,herbaceous,native
Allium_monanthum,Allium,Liliaceae,NA,NA,herbaceous,native
Athyrium_concinnum,Athyrium,Athyriaceae,NA,NA,herbaceous,native
Astilboides_tabularis,Astilboides,Saxifragaceae,NA,NA,herbaceous,native
Polystichum_craspedosorum,Polystichum,Dryopteridaceae,NA,NA,herbaceous,native
Thalictrum_uchiyamae,Thalictrum,Ranunculaceae,NA,NA,herbaceous,native
Schizopepon_bryoniifolius,Schizopepon,Cucurbitaceae,NA,NA,herbaceous,native
Carpesium_triste,Carpesium,Asteraceae,NA,NA,herbaceous,Aster_native
Cardamine_scutata,Cardamine,Brassicaceae,NA,NA,herbaceous,native
Hosta_clausa,Hosta,Liliaceae,NA,NA,herbaceous,native
Gypsophila_oldhamiana,Gypsophila,Caryophyllaceae,NA,NA,herbaceous,native
Artemisia_codonocephala,Artemisia,Asteraceae,NA,NA,herbaceous,Aster_native
Artemisia_selengensis,Artemisia,Asteraceae,NA,NA,herbaceous,Aster_native
Carex_miyabei,Carex,Cyperaceae,NA,NA,herbaceous,native
Cerastium_fontanum,Cerastium,Caryophyllaceae,NA,NA,herbaceous,native
Megaleranthis_saniculifolia,Megaleranthis,Ranunculaceae,NA,NA,herbaceous,native
Impatiens_textorii,Impatiens,Balsaminaceae,NA,NA,herbaceous,native
Streptopus_koreanus,Streptopus,Liliaceae,NA,NA,herbaceous,native
Carex_vesicaria,Carex,Cyperaceae,NA,NA,herbaceous,native
Symplocarpus_nipponicus,Symplocarpus,Araceae,NA,NA,herbaceous,native
Caltha_palustris,Caltha,Ranunculaceae,NA,NA,herbaceous,native
Digitaria_ciliaris,Digitaria,Poaceae,NA,NA,herbaceous,native
Chrysosplenium_barbatum,Chrysosplenium,Saxifragaceae,NA,NA,herbaceous,native
Cimicifuga_austrokoreana,Cimicifuga,Ranunculaceae,NA,NA,herbaceous,native
Corydalis_alata,Corydalis,Fumariaceae,NA,NA,herbaceous,native
Paeonia_lactiflora,Paeonia,Ranunculaceae,NA,NA,herbaceous,native
Dryopteris_maximowiczii,Dryopteris,Dryopteridaceae,NA,NA,herbaceous,native
Centipeda_minima,Centipeda,Asteraceae,NA,NA,herbaceous,Aster_native
Polygonatum_sibiricum,Polygonatum,Liliaceae,NA,NA,herbaceous,native
Nanocnide_japonica,Nanocnide,Urticaceae,NA,NA,herbaceous,native
Pseudolysimachion_longifolium,Pseudolysimachion,Scrophulariaceae,NA,NA,herbaceous,native
Geranium_knuthii,Geranium,Geraniaceae,NA,NA,herbaceous,native
Anemone_koraiensis,Anemone,Ranunculaceae,NA,NA,herbaceous,native
Scutellaria_insignis,Scutellaria,Lamiaceae,NA,NA,herbaceous,native
Polypodium_vulgare,Polypodium,Polypodiaceae,NA,NA,herbaceous,native
Polygonatum_thunbergii,Polygonatum,Liliaceae,NA,NA,herbaceous,native
Gymnocarpium_dryopteris,Gymnocarpium,Cystopteridaceae,NA,NA,herbaceous,native
Potentilla_squamosa,Potentilla,Rosaceae,NA,NA,herbaceous,native
Saussurea_conandrifolia,Saussurea,Asteraceae,NA,NA,herbaceous,Aster_native
Bistorta_officinalis,Bistorta,Polygonaceae,NA,NA,herbaceous,native
Fatoua_villosa,Fatoua,Moraceae,NA,NA,herbaceous,native
Tagetes_minuta,Tagetes,Asteraceae,NA,NA,herbaceous,Aster_exotic
Eriochloa_villosa,Eriochloa,Poaceae,NA,NA,herbaceous,native
Calamagrostis_purpurea,Calamagrostis,Poaceae,NA,NA,herbaceous,native
Artemisia_lancea,Artemisia,Asteraceae,NA,NA,herbaceous,Aster_native
Sanguisorba_stipulata,Sanguisorba,Rosaceae,NA,NA,herbaceous,native
Potentilla_supina,Potentilla,Rosaceae,NA,NA,herbaceous,native
Pleurosoriopsis_makinoi,Pleurosoriopsis,Polypodiaceae,NA,NA,herbaceous,native
Chrysosplenium_flagelliferum,Chrysosplenium,Saxifragaceae,NA,NA,herbaceous,native
Lloydia_triflora,Lloydia,Liliaceae,NA,NA,herbaceous,native
Erysimum_amurense,Erysimum,Brassicaceae,NA,NA,herbaceous,native
Geranium_wilfordii,Geranium,Geraniaceae,NA,NA,herbaceous,native
